player,player_id,position,player_game_count,team_name,targets,receptions,yards,routes,yprr
Dane Cruikshank,25546,S,1,TEN,1,1,66,1,66.0
Nick Foles,7089,QB,1,PHI,1,1,15,1,15.0
Tim White,12144,WR,1,BLT,1,1,14,1,14.0
Taylor Decker,10650,T,1,DET,1,1,11,1,11.0
Marcus Mariota,9435,QB,2,TEN,1,1,21,2,10.5
Justin Hardee,18348,CB,1,NO,1,1,10,1,10.0
Kyle Williams,3079,DI,1,BUF,1,1,9,1,9.0
Allen Lazard,48135,WR,1,GB,1,1,7,1,7.0
Jordan Franks,47206,TE,5,CIN,3,2,37,9,4.11
Sam Shields,5943,CB,3,LA,1,1,12,3,4.0
Leonte Carroo,10720,WR,3,MIA,4,2,94,25,3.76
Anthony Sherman,6288,FB,15,KC,9,8,96,30,3.2
Dontrell Hilliard,45691,HB,8,CLV,10,9,105,34,3.09
Derrick Willies,48345,WR,3,CLV,5,3,61,20,3.05
Albert Wilson,8943,WR,7,MIA,36,26,391,129,3.03
Tom Brady,698,QB,2,NE,1,1,6,2,3.0
Julio Jones,6158,WR,16,ATL,166,113,1677,572,2.93
Javon Wims,41406,WR,3,CHI,5,4,32,11,2.91
De'Lance Turner,25681,HB,2,BLT,2,2,17,6,2.83
George Kittle,11901,TE,16,SF,128,88,1377,489,2.82
Chase Daniel,5214,QB,3,CHI,1,1,8,3,2.67
Michael Thomas,10681,WR,16,NO,146,125,1405,528,2.66
Darren Waller,9637,TE,4,OAK,6,6,75,29,2.59
Brandon Zylstra,66438,WR,7,MIN,2,1,23,9,2.56
Tyreek Hill,10799,WR,16,KC,129,87,1479,583,2.54
Breshad Perriman,9459,WR,10,CLV,25,16,340,134,2.54
T.Y. Hilton,7092,WR,14,IND,116,76,1270,500,2.54
DeAndre Hopkins,7808,WR,16,HST,159,115,1572,627,2.51
Keenan Allen,7857,WR,16,LAC,125,97,1196,478,2.5
Johnny Mundt,12206,TE,2,LA,1,1,5,2,2.5
Matt Ryan,4317,QB,2,ATL,1,1,5,2,2.5
Mo Alie-Cox,12078,TE,9,IND,13,7,133,54,2.46
John Kelly,34761,HB,3,LA,3,2,27,11,2.45
Mike Evans,8642,WR,16,TB,135,86,1524,638,2.39
A.J. Green,6156,WR,9,CIN,77,46,694,290,2.39
Tarik Cohen,11874,HB,16,CHI,87,71,725,307,2.36
Jehu Chesson,11894,WR,2,WAS,2,1,7,3,2.33
Will Dissly,30762,TE,4,SEA,12,8,156,67,2.33
Cordarrelle Patterson,7810,WR,15,NE,27,21,247,106,2.33
Dion Dawkins,11818,T,3,BUF,1,1,7,3,2.33
River Cracraft,47417,WR,6,DEN,2,1,44,19,2.32
Travis Kelce,7844,TE,16,KC,139,103,1336,579,2.31
DeSean Jackson,4363,WR,12,TB,72,41,774,341,2.27
Cooper Kupp,11824,WR,8,LA,49,40,566,250,2.26
Jalen Richard,11395,HB,16,OAK,77,68,607,269,2.26
Odell Beckham Jr.,8647,WR,12,NYG,119,77,1052,465,2.26
Noah Brown,11993,WR,7,DAL,8,5,54,24,2.25
O.J. Howard,11774,TE,10,TB,47,34,565,252,2.24
Will Fuller V,10655,WR,7,HST,42,32,503,225,2.24
Ameer Abdullah,9487,HB,6,MIN,4,3,28,13,2.15
Austin Ekeler,12164,HB,14,LAC,47,39,404,190,2.13
Alvin Kamara,11822,HB,15,NO,98,81,709,334,2.12
Emmanuel Sanders,5606,WR,12,DEN,97,71,868,409,2.12
Davante Adams,8688,WR,15,GB,162,111,1386,653,2.12
Tyler Lockett,9502,WR,16,SEA,65,57,965,459,2.1
Adam Thielen,8288,WR,16,MIN,149,113,1373,655,2.1
Elijhaa Penny,11300,FB,10,NYG,9,8,50,24,2.08
JuJu Smith-Schuster,11817,WR,16,PIT,161,111,1426,684,2.08
Brandin Cooks,8655,WR,16,LA,110,80,1204,583,2.07
Tyler Boyd,10689,WR,14,CIN,103,76,1028,500,2.06
T.J. Logan,11935,HB,6,ARZ,7,7,37,18,2.06
Robert Foster,48230,WR,13,BUF,44,27,541,263,2.06
Robert Woods,7822,WR,16,LA,127,86,1219,596,2.05
MyCole Pruitt,9576,TE,11,TEN,11,9,102,50,2.04
Melvin Gordon III,9448,HB,12,LAC,61,50,490,241,2.03
Justin Jackson,29539,HB,8,LAC,17,15,135,67,2.01
Zach Ertz,7816,TE,16,PHI,154,116,1163,578,2.01
Mark Andrews,47436,TE,16,BLT,48,34,552,274,2.01
Andrew Luck,7007,QB,2,IND,2,1,4,2,2.0
Tavon Austin,7789,WR,7,DAL,12,8,140,70,2.0
Delanie Walker,3120,TE,1,TEN,7,4,52,26,2.0
Alejandro Villanueva,9091,T,1,PIT,1,1,2,1,2.0
Golden Tate,5585,WR,15,PHI,105,74,795,401,1.98
Russell Gage,44771,WR,8,ATL,10,6,63,32,1.97
Julian Edelman,5156,WR,12,NE,105,74,850,436,1.95
Brandon Powell,48036,WR,5,DET,17,11,129,66,1.95
Antonio Brown,5718,WR,15,PIT,164,104,1297,670,1.94
Josh Gordon,7618,WR,12,NE,67,41,737,379,1.94
Tyrone Swoopes,12267,TE,1,SEA,1,1,23,12,1.92
Tyler Eifert,7802,TE,4,CIN,18,15,179,95,1.88
Kenny Golladay,11851,WR,15,DET,115,70,1063,568,1.87
Chris Godwin,11839,WR,16,TB,90,59,842,451,1.87
Taywan Taylor,11827,WR,13,TEN,55,37,466,249,1.87
Leonard Fournette,11759,HB,8,JAX,25,22,185,99,1.87
Vernon Davis,2951,TE,14,WAS,35,25,367,197,1.86
Jacob Hollister,12051,TE,6,NE,5,4,52,28,1.86
Amari Cooper,9437,WR,15,DAL,102,75,1005,544,1.85
Rex Burkhead,7971,HB,8,NE,19,14,131,71,1.85
Anthony Firkser,51837,TE,12,TEN,20,19,225,122,1.84
Evan Engram,11778,TE,11,NYG,63,45,577,315,1.83
Corey Davis,11760,WR,16,TEN,108,65,891,486,1.83
Martavis Bryant,8753,WR,8,OAK,26,19,266,145,1.83
Jared Cook,5012,TE,16,OAK,99,68,896,490,1.83
James White,8765,HB,16,NE,116,87,751,412,1.82
Taquan Mizzell Sr.,45675,HB,8,CHI,10,8,78,43,1.81
Sammy Watkins,8639,WR,10,KC,53,40,519,286,1.81
D.J. Moore,48267,WR,16,CAR,76,54,781,432,1.81
Rashard Higgins,10806,WR,13,CLV,51,39,572,318,1.8
Dante Pettis,48113,WR,11,SF,40,27,467,261,1.79
Geronimo Allison,11141,WR,5,GB,28,20,303,170,1.78
Christian McCaffrey,11763,HB,16,CAR,122,108,874,493,1.77
Calvin Ridley,48262,WR,16,ATL,91,64,821,465,1.77
Doug Baldwin,6615,WR,13,SEA,73,50,618,351,1.76
Xavier Grimble,9092,TE,15,PIT,7,6,86,49,1.76
Chris Ivory,6007,HB,13,BUF,20,13,205,117,1.75
Robert Tonyan,12193,TE,11,GB,5,4,77,44,1.75
Mike Williams,11762,WR,16,LAC,64,43,664,382,1.74
Alshon Jeffery,7048,WR,13,PHI,90,65,843,484,1.74
Roosevelt Nix,10269,FB,13,PIT,5,4,38,22,1.73
Christian Kirk,47546,WR,12,ARZ,65,43,590,344,1.72
Keke Coutee,47698,WR,6,HST,38,28,287,167,1.72
Stefon Diggs,9579,WR,15,MIN,141,102,1021,595,1.72
Robby Anderson,11254,WR,14,NYJ,87,50,752,437,1.72
Rob Gronkowski,5567,TE,13,NE,71,47,682,399,1.71
Derrick Coleman,7377,FB,7,ARZ,3,2,17,10,1.7
Darren Sproles,2347,HB,6,PHI,22,15,160,94,1.7
Dan Arnold,51842,TE,10,NO,19,12,150,88,1.7
Maxx Williams,9488,TE,12,BLT,16,16,143,84,1.7
Allen Robinson II,8696,WR,13,CHI,94,55,754,447,1.69
Deontay Burnett,47477,WR,5,NYJ,15,10,143,85,1.68
Jake Butt,11900,TE,3,DEN,11,8,85,51,1.67
Malik Turner,48078,WR,3,SEA,2,2,20,12,1.67
Erik Swoope,9303,TE,7,IND,10,8,87,52,1.67
Eric Ebron,8645,TE,16,IND,108,66,750,452,1.66
Curtis Samuel,11795,WR,13,CAR,62,39,494,298,1.66
Chris Herndon,47164,TE,16,NYJ,54,39,502,304,1.65
Jarvis Landry,8698,WR,16,CLV,137,81,976,596,1.64
Garrett Celek,7274,TE,15,SF,8,5,90,55,1.64
Matt Breida,12271,HB,13,SF,31,27,261,160,1.63
Jakeem Grant,10820,WR,10,MIA,31,21,268,164,1.63
Jordan Reed,7866,TE,13,WAS,77,53,556,341,1.63
Tommylee Lewis,11231,WR,6,NO,3,3,60,37,1.62
Lee Smith,6311,TE,15,OAK,11,10,73,45,1.62
Keith Kirkwood,48017,WR,8,NO,21,13,209,131,1.6
Tyler Conklin,47124,TE,15,MIN,7,5,77,48,1.6
Kenyan Drake,10707,HB,16,MIA,66,53,477,300,1.59
Marquise Goodwin,7859,WR,11,SF,41,23,395,249,1.59
Spencer Ware,7975,HB,13,KC,22,20,224,142,1.58
Seth DeValve,10772,TE,10,CLV,7,5,74,47,1.57
T.J. Yeldon,9469,HB,14,JAX,70,55,487,310,1.57
Benjamin Watson,1753,TE,16,NO,43,34,389,247,1.57
Marcus Johnson,11074,WR,5,IND,8,6,102,65,1.57
Corey Grant,9827,HB,5,JAX,10,9,67,43,1.56
Ty Montgomery,9527,HB,13,BLT,36,25,235,153,1.54
Jack Doyle,8520,TE,6,IND,32,26,245,159,1.54
Corey Clement,12253,HB,11,PHI,25,22,192,125,1.54
Jaylen Samuels,47297,HB,11,PIT,29,26,199,130,1.53
Terrelle Pryor Sr.,6944,WR,8,BUF,27,16,252,165,1.53
Saquon Barkley,45791,HB,16,NYG,114,91,721,470,1.53
Tre Madden,11286,FB,12,SEA,3,2,35,23,1.52
Andy Janovich,10810,FB,16,DEN,8,7,100,66,1.52
Jeremy Hill,8690,HB,1,NE,1,1,6,4,1.5
J.J. Jones,66921,WR,2,NYJ,1,1,3,2,1.5
Ryan Tannehill,7014,QB,2,MIA,1,1,3,2,1.5
Kareem Hunt,11841,HB,11,KC,33,26,378,254,1.49
John Brown,8726,WR,16,BLT,91,42,715,479,1.49
Willie Snead IV,8999,WR,16,BLT,91,62,651,438,1.49
Charcandrick West,9047,HB,3,KC,3,2,37,25,1.48
Dwayne Harris,6328,WR,10,OAK,6,6,40,27,1.48
Mohamed Sanu,7084,WR,16,ATL,91,66,838,565,1.48
Vance McDonald,7836,TE,15,PIT,66,49,599,405,1.48
Ted Ginn Jr.,3625,WR,5,NO,29,17,209,141,1.48
Marvin Jones Jr.,7158,WR,9,DET,59,35,508,344,1.48
Jesse James,9593,TE,16,PIT,39,30,423,285,1.48
Luke Stocker,6256,TE,16,TEN,21,15,165,112,1.47
Gehrig Dieter,12163,WR,4,KC,3,1,22,15,1.47
Demaryius Thomas,5547,WR,15,HST,87,59,677,459,1.47
Levine Toilolo,7915,TE,16,DET,24,21,263,180,1.46
Tommy Bohanon,7997,FB,12,JAX,8,6,41,28,1.46
Niles Paul,6307,TE,5,JAX,13,10,98,67,1.46
Jamison Crowder,9538,WR,9,WAS,44,29,388,266,1.46
Sterling Shepard,10674,WR,16,NYG,102,66,872,600,1.45
Patrick DiMarco,6997,FB,12,BUF,4,3,62,43,1.44
C.J. Ham,11347,FB,13,MIN,14,11,85,59,1.44
Adam Humphries,10075,WR,16,TB,103,76,816,567,1.44
Dallas Goedert,47272,TE,16,PHI,43,33,334,232,1.44
Trenton Cannon,66446,HB,11,NYJ,26,17,144,101,1.43
Taylor Gabriel,9002,WR,16,CHI,91,67,688,481,1.43
Duke Johnson Jr.,9510,HB,16,CLV,61,47,429,300,1.43
Darrel Williams,13014,HB,4,KC,3,3,27,19,1.42
Jordy Nelson,4350,WR,15,OAK,86,63,739,525,1.41
Russell Shepard,8254,WR,10,NYG,18,10,188,133,1.41
Cole Beasley,7330,WR,16,DAL,85,65,672,477,1.41
Theo Riddick,7980,HB,14,DET,74,61,384,272,1.41
Tyrell Williams,10154,WR,16,LAC,63,41,653,462,1.41
Quincy Enunwa,8843,WR,11,NYJ,62,38,449,321,1.4
Jordan Matthews,8677,WR,14,PHI,26,20,300,214,1.4
D'Onta Foreman,11844,HB,1,HST,2,2,28,20,1.4
Danny Amendola,4717,WR,15,MIA,75,59,575,415,1.39
Ezekiel Elliott,10638,HB,15,DAL,91,77,567,412,1.38
David Moore,11981,WR,16,SEA,50,26,445,322,1.38
Jason Croom,12145,TE,15,BUF,33,22,259,188,1.38
Larry Fitzgerald,1724,WR,16,ARZ,107,69,734,530,1.38
DeVante Parker,9447,WR,11,MIA,43,24,309,226,1.37
Hayden Hurst,47294,TE,12,BLT,21,13,163,119,1.37
Cameron Meredith,10008,WR,6,NO,10,9,114,83,1.37
Damien Williams,9205,HB,12,KC,24,23,160,117,1.37
Detrez Newsome,45695,HB,3,LAC,2,2,19,14,1.36
David Grinnage,11148,TE,3,JAX,8,6,61,45,1.36
Todd Gurley II,9443,HB,14,LA,76,59,580,428,1.36
Cameron Artis-Payne,9607,HB,2,CAR,4,3,15,11,1.36
Jordan Thomas,42062,TE,16,HST,23,20,215,158,1.36
Devin Funchess,9474,WR,14,CAR,77,44,549,406,1.35
Antonio Gates,1609,TE,16,LAC,44,28,333,249,1.34
Cody Latimer,8691,WR,6,NYG,16,11,190,142,1.34
Blake Jarwin,12320,TE,16,DAL,35,27,307,229,1.34
Austin Hooper,10715,TE,16,ATL,85,71,660,492,1.34
Joshua Perkins,11051,TE,7,PHI,11,5,67,50,1.34
Tre'Quan Smith,48228,WR,15,NO,43,28,427,319,1.34
Dontrelle Inman,6597,WR,9,IND,38,28,304,227,1.34
Zach Zenner,9761,HB,8,DET,10,7,56,42,1.33
Brandon Marshall,3064,WR,7,NO,22,11,136,102,1.33
Kendrick Bourne,12270,WR,16,SF,60,42,487,366,1.33
Keon Hatcher,12249,WR,2,OAK,2,1,8,6,1.33
Kalen Ballage,45741,HB,8,MIA,11,9,56,42,1.33
Adrian Peterson,3623,HB,16,WAS,25,20,208,158,1.32
Aldrick Robinson,6330,WR,14,MIN,32,17,231,175,1.32
Seth Roberts,9079,WR,15,OAK,60,45,494,375,1.32
Courtland Sutton,48164,WR,16,DEN,79,42,704,532,1.32
Equanimeous St. Brown,47967,WR,11,GB,34,21,328,251,1.31
Kevin White,9440,WR,9,CHI,8,4,92,70,1.31
James Conner,11860,HB,13,PIT,67,55,497,380,1.31
Jacquizz Rodgers,6297,HB,16,TB,43,38,304,234,1.3
Phillip Lindsay,12660,HB,15,DEN,44,35,241,185,1.3
Gerald Everett,11799,TE,16,LA,48,33,320,247,1.3
Chris Thompson,7936,HB,10,WAS,52,41,268,206,1.3
Tim Patrick,12087,WR,16,DEN,40,23,315,245,1.29
Dede Westbrook,11865,WR,16,JAX,96,66,717,554,1.29
Mark Ingram II,6180,HB,12,NO,25,21,170,133,1.28
Bruce Ellington,8741,WR,7,DET,42,31,224,175,1.28
David Njoku,11784,TE,16,CLV,83,56,639,498,1.28
Phillip Dorsett,9462,WR,16,NE,43,32,290,228,1.27
Kenny Stills,7926,WR,15,MIA,60,37,553,435,1.27
Dion Lewis,6301,HB,16,TEN,67,59,400,315,1.27
DeAndre Carter,9859,WR,11,HST,24,22,216,170,1.27
Marvin Hall,11440,WR,16,ATL,19,10,149,117,1.27
Pierre Garcon,4519,WR,8,SF,41,24,286,226,1.27
Kerryon Johnson,34455,HB,10,DET,37,32,213,169,1.26
Nick Boyle,9604,TE,16,BLT,31,23,213,169,1.26
Dalvin Cook,11796,HB,11,MIN,48,40,305,244,1.25
Elijah McGuire,11943,HB,8,NYJ,30,19,193,154,1.25
Josh Reynolds,11872,WR,16,LA,49,29,402,325,1.24
Isaiah McKenzie,11927,WR,8,BUF,29,18,179,144,1.24
Kyle Juszczyk,7912,FB,16,SF,37,30,324,261,1.24
Tyler Higbee,10744,TE,16,LA,29,24,292,236,1.24
David Johnson,9519,HB,16,ARZ,69,50,446,360,1.24
Nyheim Hines,48103,HB,16,IND,78,63,425,346,1.23
Nelson Agholor,9453,WR,16,PHI,90,64,736,599,1.23
John Phillips,5132,TE,8,ARZ,3,3,38,31,1.23
Darren Fells,8549,TE,16,CLV,12,11,117,95,1.23
Matt LaCosse,9840,TE,13,DEN,34,24,250,204,1.23
Nick Vannett,10728,TE,15,SEA,40,29,269,219,1.23
Marquez Valdes-Scantling,47809,WR,16,GB,67,38,581,476,1.22
Chester Rogers,10918,WR,15,IND,71,53,485,399,1.22
Donte Moncrief,8725,WR,16,JAX,85,48,668,546,1.22
Michael Crabtree,4933,WR,16,BLT,98,54,607,500,1.21
Antonio Callaway,48101,WR,16,CLV,78,43,586,490,1.2
Damion Ratley,48182,WR,5,CLV,20,13,144,120,1.2
Devontae Booker,10770,HB,16,DEN,47,37,271,226,1.2
Zay Jones,11792,WR,16,BUF,99,56,652,545,1.2
Shelton Gibson,11921,WR,9,PHI,3,1,48,40,1.2
Chris Carson,12004,HB,14,SEA,22,20,163,137,1.19
Deonte Thompson,7513,WR,13,BUF,30,17,161,135,1.19
Greg Olsen,3647,TE,9,CAR,39,27,291,246,1.18
Brandon Bolden,7469,HB,3,MIA,3,3,13,11,1.18
Michael Gallup,26075,WR,16,DAL,66,33,507,431,1.18
Bobo Wilson,12067,WR,5,TB,5,4,52,44,1.18
Allen Hurns,8931,WR,16,DAL,33,20,295,251,1.18
Roc Thomas,27875,HB,5,MIN,3,2,21,18,1.17
Anthony Miller,48160,WR,14,CHI,54,33,423,361,1.17
Wendell Smallwood,10787,HB,14,PHI,32,28,230,197,1.17
Trey Burton,9185,TE,16,CHI,73,54,569,490,1.16
Wayne Gallman,11895,HB,15,NYG,21,14,89,77,1.16
Kyle Rudolph,6195,TE,16,MIN,76,64,634,546,1.16
Justin Hardy,9540,WR,16,ATL,20,14,133,115,1.16
Jordan Akins,47050,TE,16,HST,24,17,225,194,1.16
Jarius Wright,7118,WR,16,CAR,57,43,447,387,1.16
De'Anthony Thomas,8759,WR,5,KC,5,3,29,25,1.16
Kelvin Benjamin,8663,WR,15,KC,64,25,380,331,1.15
Mike Davis,9559,HB,15,SEA,41,34,214,186,1.15
Demarcus Robinson,10760,WR,16,KC,30,22,288,252,1.14
Lance Kendricks,6199,TE,16,GB,24,19,170,149,1.14
Jimmy Graham,5619,TE,16,GB,83,55,636,559,1.14
Durham Smythe,47257,TE,13,MIA,8,6,50,44,1.14
Ben Braunecker,11335,TE,13,CHI,5,3,42,37,1.14
Jeff Heuerman,9525,TE,11,DEN,43,30,279,246,1.13
Tyler Kroft,9518,TE,5,CIN,5,4,36,32,1.13
Randall Cobb,6216,WR,9,GB,57,38,383,339,1.13
Mike Gillislee,7946,HB,4,NO,1,1,9,8,1.13
Benny Cunningham,8283,HB,4,CHI,2,1,9,8,1.13
Bilal Powell,6278,HB,7,NYJ,17,11,110,98,1.12
Giovani Bernard,7818,HB,12,CIN,41,35,218,195,1.12
Jaron Brown,8128,WR,16,SEA,18,14,166,149,1.11
Paul Richardson Jr.,8680,WR,7,WAS,33,20,262,237,1.11
Malcolm Brown,9902,HB,10,LA,6,5,52,47,1.11
Rhett Ellison,7128,TE,14,NYG,32,25,272,245,1.11
Rico Gathers,10851,TE,14,DAL,7,3,45,41,1.1
Javorius Allen,9558,HB,11,BLT,39,34,197,183,1.08
Richie James Jr.,28991,WR,10,SF,13,9,130,120,1.08
Joe Mixon,11803,HB,14,CIN,54,43,296,274,1.08
Michael Roberts,11882,TE,8,DET,18,9,100,93,1.08
Chris Hogan,6468,WR,16,NE,51,35,532,495,1.07
Maurice Harris,11035,WR,11,WAS,44,28,304,288,1.06
Marshawn Lynch,3628,HB,6,OAK,19,15,84,79,1.06
Ian Thomas,42130,TE,12,CAR,47,36,333,315,1.06
LeSean McCoy,4976,HB,13,BUF,41,34,238,225,1.06
Nick Chubb,45783,HB,14,CLV,28,20,149,142,1.05
Logan Paulsen,5795,TE,15,ATL,9,9,91,87,1.05
Isaiah Crowell,9295,HB,13,NYJ,26,21,152,145,1.05
Chad Beebe,21528,WR,3,MIN,4,4,39,37,1.05
Ryan Switzer,11888,WR,16,PIT,44,36,253,242,1.05
Kenneth Dixon,10768,HB,6,BLT,7,6,51,49,1.04
Keelan Cole,51593,WR,16,JAX,64,38,491,473,1.04
Josh Doctson,10656,WR,15,WAS,75,44,532,512,1.04
Eli Rogers,9878,WR,3,PIT,13,12,79,77,1.03
Travis Benjamin,7100,WR,12,LAC,23,12,186,181,1.03
Byron Marshall,11076,HB,6,WAS,6,4,30,29,1.03
Trey Quinn,38276,WR,3,WAS,10,9,75,73,1.03
Brandon LaFell,5602,WR,6,OAK,16,12,135,131,1.03
Jawill Davis,22489,WR,5,NYG,8,4,40,39,1.03
Jonnu Smith,11855,TE,13,TEN,29,20,258,252,1.02
Zach Pascal,12303,WR,16,IND,44,27,268,266,1.01
Dalton Schultz,47304,TE,11,DAL,16,12,116,115,1.01
Darius Jennings,10038,WR,16,TEN,15,11,101,100,1.01
Aaron Jones,11937,HB,12,GB,32,26,206,204,1.01
Michael Burton,9601,FB,3,CHI,1,1,6,6,1.0
Ross Dwelley,20994,TE,4,SF,2,2,14,14,1.0
Jake Kumerow,9883,WR,5,GB,10,8,103,103,1.0
Rashaad Penny,27414,HB,11,SEA,12,9,75,76,0.99
Demetrius Harris,8524,TE,15,KC,25,12,164,165,0.99
Corey Coleman,10649,WR,8,NYG,8,5,71,72,0.99
Geoff Swaim,9679,TE,9,DAL,30,26,242,244,0.99
C.J. Uzomah,9590,TE,16,CIN,63,43,439,450,0.98
Ed Dickson,5595,TE,10,SEA,12,11,144,147,0.98
Rashad Greene Sr.,9572,WR,8,JAX,9,6,60,62,0.97
Frank Gore,2282,HB,14,MIA,16,12,124,128,0.97
C.J. Prosise,10724,HB,3,SEA,3,3,22,23,0.96
Tajae Sharpe,10774,WR,16,TEN,46,26,316,328,0.96
Chris Manhertz,10211,TE,15,CAR,5,2,52,54,0.96
Jermaine Kearse,7428,WR,14,NYJ,72,37,371,386,0.96
Chris Moore,10741,WR,16,BLT,25,19,196,207,0.95
Terrance Williams,7855,WR,3,DAL,2,2,18,19,0.95
Tyler Ervin,10753,HB,5,HST,3,3,35,37,0.95
Trent Sherfield,48021,WR,8,ARZ,27,19,210,224,0.94
Ricky Seals-Jones,12020,TE,15,ARZ,66,34,343,366,0.94
Matt Flanagan,47298,TE,3,WAS,1,1,14,15,0.93
Ito Smith,45932,HB,13,ATL,30,27,152,164,0.93
Tevin Coleman,9506,HB,16,ATL,40,32,276,296,0.93
Mike Gesicki,47153,TE,16,MIA,31,22,202,218,0.93
Josh Hill,8200,TE,16,NO,23,16,185,198,0.93
David Morgan,10822,TE,11,MIN,6,5,36,39,0.92
Andre Holmes,6489,WR,14,DEN,23,13,162,176,0.92
Torrey Smith,6210,WR,11,CAR,28,17,190,207,0.92
Jeff Wilson Jr.,29413,HB,6,SF,15,12,98,106,0.92
Marcedes Lewis,2973,TE,14,GB,3,3,39,43,0.91
Scott Simonson,8954,TE,13,NYG,13,9,86,95,0.91
Kapri Bibbs,8906,HB,9,GB,21,16,115,128,0.9
D.J. Chark Jr.,47702,WR,11,JAX,31,14,174,193,0.9
Chase Edmonds,45851,HB,16,ARZ,23,20,103,114,0.9
Trent Taylor,11932,WR,14,SF,38,26,215,241,0.89
Virgil Green,6356,TE,16,LAC,27,19,210,235,0.89
Adam Shaheen,11800,TE,6,CHI,6,5,48,54,0.89
Darvin Kidsy,23254,WR,1,WAS,2,1,8,9,0.89
DaeSean Hamilton,45416,WR,14,DEN,45,30,243,277,0.88
Sony Michel,27589,HB,13,NE,11,7,50,57,0.88
A.J. Derby,9635,TE,4,MIA,5,3,48,56,0.86
Derrick Henry,10679,HB,16,TEN,18,15,99,115,0.86
Doug Martin,7035,HB,16,OAK,23,18,116,135,0.86
Jordan Wilkins,26618,HB,13,IND,16,16,85,100,0.85
Orson Charles,7116,TE,12,CLV,4,3,23,27,0.85
Alex Collins,10805,HB,10,BLT,17,15,105,123,0.85
Jermaine Gresham,5546,TE,13,ARZ,12,9,94,111,0.85
Nick O'Leary,9627,TE,12,MIA,10,8,86,101,0.85
Ryan Griffin,7982,TE,14,HST,42,24,305,364,0.84
Ryan Grant,8777,WR,14,IND,52,35,334,396,0.84
Brice Butler,7991,WR,8,MIA,10,6,60,72,0.83
Jordan Leggett,11905,TE,15,NYJ,22,14,114,139,0.82
Bennie Fowler,8914,WR,10,NYG,25,16,199,244,0.82
LeGarrette Blount,5863,HB,16,DET,14,10,67,82,0.82
C.J. Anderson,8101,HB,9,LA,7,5,41,50,0.82
Laquon Treadwell,10657,WR,15,MIN,47,35,302,368,0.82
Cody Core,10833,WR,14,CIN,28,13,160,197,0.81
Rod Smith,9996,HB,15,DAL,11,9,60,75,0.8
Cameron Brate,9207,TE,16,TB,48,30,289,368,0.79
Josh Bellamy,7472,WR,15,CHI,25,14,117,152,0.77
Charles Clay,6326,TE,13,BUF,32,21,184,239,0.77
Eric Tomlinson,9786,TE,14,NYJ,13,8,72,94,0.77
Jamaal Williams,11889,HB,16,GB,33,27,210,274,0.77
Neal Sterling,9653,TE,5,NYJ,7,6,47,61,0.77
James O'Shaughnessy,9606,TE,14,JAX,35,24,214,279,0.77
Vyncint Smith,66957,WR,6,HST,9,5,91,120,0.76
Austin Seferian-Jenkins,8673,TE,5,JAX,17,11,90,118,0.76
Stevan Ridley,6225,HB,8,PIT,4,3,18,24,0.75
Cameron Batson,47669,WR,10,TEN,11,8,82,109,0.75
Alex Erickson,11107,WR,15,CIN,28,20,167,222,0.75
Alfred Blue,8816,HB,16,HST,24,20,154,208,0.74
Alfred Morris,7165,HB,10,SF,10,8,73,99,0.74
Mark Walton,45996,HB,6,CIN,7,5,41,57,0.72
Eric Saubert,11929,TE,14,ATL,9,5,48,67,0.72
Derek Carrier,7406,TE,16,OAK,11,7,67,95,0.71
Jalen Tolliver,66933,WR,3,ARZ,6,3,37,54,0.69
Marcell Ateman,23670,WR,7,OAK,30,15,154,222,0.69
Jordan Howard,10784,HB,16,CHI,26,20,145,211,0.69
Kamar Aiken,6671,WR,5,PHI,7,6,53,78,0.68
Raheem Mostert,9783,HB,8,SF,7,6,25,37,0.68
Auden Tate,48192,WR,5,CIN,12,4,35,52,0.67
Andre Roberts,5612,WR,13,NYJ,18,10,79,120,0.66
Keith Ford,23614,HB,2,BUF,4,3,21,32,0.66
Chris Conley,9509,WR,16,KC,47,32,334,513,0.65
George Fant,11282,T,8,SEA,1,1,9,14,0.64
Latavius Murray,7962,HB,16,MIN,25,22,141,221,0.64
Keith Smith,9302,FB,15,OAK,7,5,23,36,0.64
Jamaal Charles,4387,HB,2,JAX,3,2,7,11,0.64
Logan Thomas,8755,TE,12,BUF,16,12,77,121,0.64
Devonta Freeman,8738,HB,2,ATL,7,5,23,36,0.64
Austin Carr,12215,WR,14,NO,13,9,97,153,0.63
Joe Webb III,5722,WR,2,HST,3,2,13,21,0.62
Andy Jones,11123,WR,8,DET,22,11,80,130,0.62
Ronald Jones,34001,HB,8,TB,9,7,33,54,0.61
Blake Bell,9550,TE,10,JAX,9,8,67,109,0.61
KhaDarel Hodge,26104,WR,9,LA,3,2,17,28,0.61
Royce Freeman,45747,HB,14,DEN,19,14,72,119,0.61
Marlon Mack,11898,HB,12,IND,24,17,103,171,0.6
James Develin,6142,FB,16,NE,17,12,61,101,0.6
Chad Williams,11853,WR,10,ARZ,42,17,171,284,0.6
Josh Adams,45662,HB,12,PHI,13,7,58,98,0.59
T.J. Jones,8824,WR,15,DET,25,19,190,321,0.59
Sean Culkin,12037,TE,13,LAC,1,1,24,41,0.59
Lamar Miller,7097,HB,14,HST,34,25,163,276,0.59
Richard Rodgers,8733,TE,4,PHI,1,1,7,12,0.58
Marcus Kemp,12137,WR,7,KC,1,1,7,12,0.58
James Washington,47792,WR,14,PIT,36,16,217,381,0.57
John Ross,11764,WR,13,CIN,55,21,210,368,0.57
Antony Auclair,24606,TE,15,TB,8,7,48,84,0.57
Sammie Coates,9520,WR,2,HST,1,1,12,21,0.57
Khari Lee,10018,TE,2,BUF,1,1,5,9,0.56
Nick Bellore,6515,FB,13,DET,4,4,15,27,0.56
Travaris Cadet,7457,HB,1,CAR,1,1,5,9,0.56
Matt Lengel,9884,TE,9,CIN,7,3,17,33,0.52
Danny Vitale,10831,FB,2,GB,2,1,2,4,0.5
Michael Floyd,7019,WR,13,WAS,23,10,100,199,0.5
Bradley Sowell,7693,T,4,CHI,2,1,2,4,0.5
J.J. Nelson,9592,WR,12,ARZ,19,7,64,131,0.49
Ray-Ray McCloud III,47895,WR,10,BUF,6,5,36,74,0.49
Brian Parker,10135,TE,9,DEN,8,5,33,69,0.48
Charone Peake,10875,WR,9,NYJ,3,2,25,53,0.47
Cam Phillips,47593,WR,2,BUF,1,1,9,20,0.45
Hakeem Valles,10960,TE,3,DET,3,2,11,25,0.44
Luke Willson,7940,TE,14,DET,19,13,87,196,0.44
Damiere Byrd,9964,WR,6,CAR,2,1,8,20,0.4
Jamize Olawale,7572,FB,15,DAL,4,2,13,33,0.39
Alex Armah,11948,FB,9,CAR,1,1,5,13,0.38
Brian Quick,7037,WR,5,WAS,3,3,18,47,0.38
Gus Edwards,46027,HB,9,BLT,2,2,20,53,0.38
Jeremy Sprinkle,11909,TE,16,WAS,8,5,41,111,0.37
DeAndre Washington,10777,HB,8,OAK,1,1,9,25,0.36
Peyton Barber,10927,HB,16,TB,27,20,92,270,0.34
Jay Ajayi,9582,HB,4,PHI,6,5,20,58,0.34
Nick Williams,8005,WR,4,LA,5,2,17,51,0.33
Brian Hill,11911,HB,4,ATL,2,1,9,28,0.32
Shaun Wilson,45993,HB,5,TB,5,3,5,16,0.31
Josh Malone,11883,WR,8,CIN,4,1,12,44,0.27
J'Mon Moore,48316,WR,6,GB,3,2,15,55,0.27
Samaje Perine,11869,HB,3,WAS,3,3,5,19,0.26
Marcus Murphy,9663,HB,9,BUF,17,11,26,99,0.26
Justin Hunter,7815,WR,4,PIT,13,3,21,83,0.25
Alan Cross,10931,TE,14,TB,4,2,9,36,0.25
Dwayne Allen,7066,TE,12,NE,4,3,27,110,0.25
Victor Bolden Jr.,12269,WR,4,BUF,4,1,10,41,0.24
Ricky Ortiz,47053,FB,12,ATL,3,3,11,45,0.24
Rishard Matthews,7211,WR,7,NYJ,9,5,24,104,0.23
Jeremy Kerley,6305,WR,1,BUF,4,2,7,30,0.23
Carlos Hyde,8692,HB,14,JAX,15,10,33,149,0.22
Darrius Heyward-Bey,4930,WR,9,PIT,2,1,9,41,0.22
Zach Line,8420,FB,14,NO,10,5,14,65,0.22
Robert Turbin,7106,HB,2,IND,1,1,3,15,0.2
Justin Watson,66915,WR,10,TB,2,1,5,30,0.17
Kenjon Barner,7963,HB,5,CAR,1,1,3,19,0.16
Dion Sims,7888,TE,8,CHI,4,2,9,62,0.15
Taysom Hill,12112,QB,14,NO,7,3,4,34,0.12
Jonathan Williams,10790,HB,3,IND,1,1,1,10,0.1
Derek Watt,10832,FB,9,LAC,1,1,2,24,0.08
Mike Boone,31615,HB,5,MIN,3,2,1,22,0.05
Ryan Hewitt,9107,TE,11,IND,1,1,1,37,0.03
Dak Prescott,10769,QB,1,DAL,1,0,0,1,0.0
Taiwan Jones,6277,HB,2,BUF,2,0,0,2,0.0
Baker Mayfield,46518,QB,3,CLV,1,0,0,3,0.0
Lamar Jackson,46416,QB,6,BLT,1,0,0,10,0.0
Stacy Coley,11974,WR,2,NYG,1,0,0,11,0.0
Isaiah Ford,11991,WR,1,MIA,1,0,0,7,0.0
Chris Lacy,29726,WR,1,DET,1,0,0,12,0.0
Mike Wallace,5007,WR,2,PHI,3,0,0,38,0.0
Darrell Daniels,12122,TE,5,ARZ,2,0,0,25,0.0
Josh Allen,46601,QB,1,BUF,1,0,0,1,0.0
Riley McCarron,48033,WR,1,NE,1,0,0,9,0.0
J.D. McKissic,11047,HB,3,SEA,1,0,0,4,0.0
Cole Wick,11139,TE,2,TEN,1,0,0,3,0.0
Johnny Holton,11354,WR,1,OAK,1,0,0,4,0.0
Jourdan Lewis,11846,CB,4,DAL,1,0,0,4,0.0
Freddie Martino,9292,WR,3,TB,1,0,0,11,0.0
Pharoh Cooper,10751,WR,2,ARZ,1,0,0,3,0.0
Jerome Cunningham,9400,TE,3,DET,1,0,0,15,0.0
Joe Staley,3644,T,1,SF,1,1,-5,1,-5.0
